participant,xid
1,"0x707D9DEfC3C6620696594a0193d5273cDfb9EdA3"
2,"0x54D06a08FFdf44258a9F9BD2F4b4cDd6692a900f"
3,"0xE446198683a7c8FFc818982Ebe5D96ECbAE81A1e"
4,"0xAa7Ed91fC90B9d92b39fa16E1f2016cDb0497B4C"
5,"0x6D728E89D2fd1dedF35069A44273dBD4D76eED9D"
6,"0xdee1FF27630BB74C54770Fb14D869Ab14CfD05a5"
7,"0x087E4b2Fd9B3F96A58dCf6077Cb03189C2bB6e42"
8,"0x7b382387F24C18D3d25B21D01D92dEe0E2f9Ed71"
9,"0x3Fc53004472D2Cd63aFDd1FdC9149CEE559802f1"
10,"0x0Ac7D72e0A6E21Fb840BBd07f2b8d0763B65c2C3"
11,"0x62c4c940738300DdFDcf8BFaf919698aC043603a"
12,"0xE59b8e526f8bFAe05504ADA2721069387cf45B77"
13,"0xBc8E42d30040b5F66a4A148bbD37a42141fCfb44"
14,"0xB070C1d226Ce55352881c676836f14b72450877f"
15,"0xC3d7850521c90F1FAD796A16a1919554200697eC"
16,"0xC41A577Ec9aF9A820923f94f880086cCAdb11150"
17,"0xFc7Be3c5d8D51aCeA4cCe91D17805d2b484c8e24"
18,"0x1bc29B5B1ED54C2067ABe2Ab97cF6b13fB981553"
19,"0xF6E7C319c21F857c86497940cE9b21e25a02E87c"
20,"0x9f705F0745c14D7853b9d44a0fa19753174be9c4"
21,"0x300150B614bb20516e52A74F514F9335071C3dd8"
22,"0xfE04d5F5E0FF41a667a1cb012369A250Fd8720E8"
23,"0x8167050F4dab604Ad520C299aC39681097d0FfF9"
24,"0x28FfA39Da0B464B661B33D8A259C862e819eFF4F"
25,"0x441ce1F47F5B872c605C81a69B55f2F10B9417d7"
26,"0xb605ebEDdCcbAF1b2655EE7Ef8d29d9f9e9E55A5"
27,"0x30c7d4e78FA2b05000e253c9CB1F30CA458a4798"
28,"0x6302009f18d5D19584f3657058016f157F2f7969"
29,"0x8A1024F6b8DfF55A850E755181817634ea8bE8FA"
30,"0xb37668F3B0a7D9709dED3931c1E2068a80bA7d5c"
31,"0xD31A1ca9F02dAAD5656071c90da2650908FCAC80"
32,"0x4AaAB01EB4C05ba3D9261e14B8d48e7Ba0fA8689"
33,"0x7861D277fFEe99DAf8446377A0ff13068ad422f7"
34,"0x0667AAcF05d08E697D542e56c92179420B794Df7"
35,"0x698B86a0EF83833C024bb31Ac27a300B8B6d2C15"
36,"0x19B896445975F97059afaA1BbA86D7cAED8b7BC9"
37,"0x3aBC561D9bb2265Bb4817f4DBC8e86Da2ea67d9E"
